feature,coefficient,abs_coef
Assessed Value,182930.14222647194,182930.14222647194
# High Schools,15139.733416778176,15139.733416778176
List Year,14167.47975271463,14167.47975271463
air_quality,-6239.6058697714725,6239.6058697714725
Rank score (2025),5341.22143366552,5341.22143366552
# Middle Schools,4972.064096636988,4972.064096636988
Crime Rate per 1000,-2133.2257052019736,2133.2257052019736
